{
  "lang":"en",
  "name":"pipeline",
  "version":"0.0.0",
  "spacy_version":">=3.7.5,<3.8.0",
  "description":"",
  "author":"",
  "email":"",
  "url":"",
  "license":"",
  "spacy_git_version":"a6d0fc360",
  "vectors":{
    "width":0,
    "vectors":0,
    "keys":0,
    "name":null,
    "mode":"default"
  },
  "labels":{
    "tok2vec":[

    ],
    "ner":[
      "ADDRESS",
      "CC",
      "CHASISNO",
      "CITY",
      "CUSTNAME",
      "DATEREGISTRATION",
      "ENGINENO",
      "EXPIRYDATE",
      "MAKE",
      "MAKE MODEL VARIANT",
      "MODEL",
      "PIN",
      "POLICYISSUEDATE",
      "POLICYNO",
      "RTO",
      "STARTDATE",
      "STATE",
      "VARIANT",
      "VEHICLENO",
      "YEAROFMAN"
    ]
  },
  "pipeline":[
    "tok2vec",
    "ner"
  ],
  "components":[
    "tok2vec",
    "ner"
  ],
  "disabled":[

  ],
  "performance":{
    "ents_f":0.9752683154,
    "ents_p":0.9803001876,
    "ents_r":0.9702878366,
    "ents_per_type":{
      "VEHICLENO":{
        "p":1.0,
        "r":1.0,
        "f":1.0
      },
      "YEAROFMAN":{
        "p":1.0,
        "r":1.0,
        "f":1.0
      },
      "MAKE MODEL VARIANT":{
        "p":0.9622641509,
        "r":0.8947368421,
        "f":0.9272727273
      },
      "ENGINENO":{
        "p":1.0,
        "r":1.0,
        "f":1.0
      },
      "CHASISNO":{
        "p":1.0,
        "r":1.0,
        "f":1.0
      },
      "RTO":{
        "p":0.9552238806,
        "r":0.9411764706,
        "f":0.9481481481
      },
      "CUSTNAME":{
        "p":0.9891304348,
        "r":0.9891304348,
        "f":0.9891304348
      },
      "ADDRESS":{
        "p":0.9397590361,
        "r":0.9397590361,
        "f":0.9397590361
      },
      "STARTDATE":{
        "p":0.9743589744,
        "r":0.987012987,
        "f":0.9806451613
      },
      "EXPIRYDATE":{
        "p":1.0,
        "r":0.974025974,
        "f":0.9868421053
      },
      "POLICYISSUEDATE":{
        "p":0.9565217391,
        "r":1.0,
        "f":0.9777777778
      },
      "POLICYNO":{
        "p":1.0,
        "r":0.9764705882,
        "f":0.9880952381
      },
      "PIN":{
        "p":1.0,
        "r":0.9473684211,
        "f":0.972972973
      },
      "CC":{
        "p":0.9756097561,
        "r":0.9523809524,
        "f":0.9638554217
      },
      "DATEREGISTRATION":{
        "p":1.0,
        "r":1.0,
        "f":1.0
      },
      "CITY":{
        "p":0.9833333333,
        "r":0.9672131148,
        "f":0.9752066116
      },
      "STATE":{
        "p":0.9666666667,
        "r":1.0,
        "f":0.9830508475
      },
      "MAKE":{
        "p":1.0,
        "r":0.8,
        "f":0.8888888889
      },
      "MODEL":{
        "p":1.0,
        "r":0.7777777778,
        "f":0.875
      },
      "VARIANT":{
        "p":0.7777777778,
        "r":1.0,
        "f":0.875
      }
    },
    "tok2vec_loss":441.5590947476,
    "ner_loss":636.4960829746
  }
}