{
  "lang":"en",
  "name":"pipeline",
  "version":"0.0.0",
  "spacy_version":">=3.7.5,<3.8.0",
  "description":"",
  "author":"",
  "email":"",
  "url":"",
  "license":"",
  "spacy_git_version":"a6d0fc360",
  "vectors":{
    "width":0,
    "vectors":0,
    "keys":0,
    "name":null,
    "mode":"default"
  },
  "labels":{
    "tok2vec":[

    ],
    "ner":[
      "ADDRESS",
      "CC",
      "CHASISNO",
      "CITY",
      "CUSTNAME",
      "DATEREGISTRATION",
      "ENGINENO",
      "EXPIRYDATE",
      "MAKE",
      "MAKE MODEL VARIANT",
      "MODEL",
      "PIN",
      "POLICYISSUEDATE",
      "POLICYNO",
      "RTO",
      "STARTDATE",
      "STATE",
      "VARIANT",
      "VEHICLENO",
      "YEAROFMAN"
    ]
  },
  "pipeline":[
    "tok2vec",
    "ner"
  ],
  "components":[
    "tok2vec",
    "ner"
  ],
  "disabled":[

  ],
  "performance":{
    "ents_f":0.9806477898,
    "ents_p":0.9772634998,
    "ents_r":0.984055601,
    "ents_per_type":{
      "CHASISNO":{
        "p":0.9754098361,
        "r":0.9834710744,
        "f":0.9794238683
      },
      "VEHICLENO":{
        "p":0.976,
        "r":1.0,
        "f":0.987854251
      },
      "CUSTNAME":{
        "p":0.9725274725,
        "r":0.9833333333,
        "f":0.9779005525
      },
      "POLICYNO":{
        "p":1.0,
        "r":1.0,
        "f":1.0
      },
      "STARTDATE":{
        "p":0.9946808511,
        "r":0.9946808511,
        "f":0.9946808511
      },
      "EXPIRYDATE":{
        "p":0.9946236559,
        "r":0.9946236559,
        "f":0.9946236559
      },
      "DATEREGISTRATION":{
        "p":1.0,
        "r":0.9603960396,
        "f":0.9797979798
      },
      "YEAROFMAN":{
        "p":0.9882352941,
        "r":0.9882352941,
        "f":0.9882352941
      },
      "MAKE MODEL VARIANT":{
        "p":0.9710144928,
        "r":0.9852941176,
        "f":0.9781021898
      },
      "ENGINENO":{
        "p":0.9818181818,
        "r":0.9908256881,
        "f":0.9863013699
      },
      "CC":{
        "p":0.9459459459,
        "r":0.9459459459,
        "f":0.9459459459
      },
      "RTO":{
        "p":0.9677419355,
        "r":0.9756097561,
        "f":0.971659919
      },
      "ADDRESS":{
        "p":0.9770114943,
        "r":0.9714285714,
        "f":0.9742120344
      },
      "CITY":{
        "p":0.9893617021,
        "r":0.9893617021,
        "f":0.9893617021
      },
      "PIN":{
        "p":0.9842519685,
        "r":1.0,
        "f":0.9920634921
      },
      "STATE":{
        "p":0.9874213836,
        "r":0.9936708861,
        "f":0.9905362776
      },
      "MAKE":{
        "p":0.9846153846,
        "r":1.0,
        "f":0.992248062
      },
      "MODEL":{
        "p":0.8815789474,
        "r":0.9054054054,
        "f":0.8933333333
      },
      "POLICYISSUEDATE":{
        "p":0.9449541284,
        "r":0.980952381,
        "f":0.9626168224
      },
      "VARIANT":{
        "p":0.8823529412,
        "r":0.9677419355,
        "f":0.9230769231
      }
    },
    "tok2vec_loss":4590.2584901149,
    "ner_loss":914.2339056107
  }
}