{
  "lang":"en",
  "name":"pipeline",
  "version":"0.0.0",
  "spacy_version":">=3.7.5,<3.8.0",
  "description":"",
  "author":"",
  "email":"",
  "url":"",
  "license":"",
  "spacy_git_version":"a6d0fc360",
  "vectors":{
    "width":0,
    "vectors":0,
    "keys":0,
    "name":null,
    "mode":"default"
  },
  "labels":{
    "tok2vec":[

    ],
    "ner":[
      "ADDRESS",
      "CC",
      "CHASISNO",
      "CITY",
      "CUSTNAME",
      "DATEREGISTRATION",
      "ENGINENO",
      "EXPIRYDATE",
      "MAKE",
      "MAKE MODEL VARIANT",
      "MODEL",
      "PIN",
      "POLICYISSUEDATE",
      "POLICYNO",
      "RTO",
      "STARTDATE",
      "STATE",
      "VARIANT",
      "VEHICLENO",
      "YEAROFMAN"
    ]
  },
  "pipeline":[
    "tok2vec",
    "ner"
  ],
  "components":[
    "tok2vec",
    "ner"
  ],
  "disabled":[

  ],
  "performance":{
    "ents_f":0.9734760354,
    "ents_p":0.9757462687,
    "ents_r":0.9712163417,
    "ents_per_type":{
      "VEHICLENO":{
        "p":1.0,
        "r":1.0,
        "f":1.0
      },
      "YEAROFMAN":{
        "p":1.0,
        "r":1.0,
        "f":1.0
      },
      "MAKE MODEL VARIANT":{
        "p":0.8813559322,
        "r":0.9122807018,
        "f":0.8965517241
      },
      "ENGINENO":{
        "p":1.0,
        "r":1.0,
        "f":1.0
      },
      "CHASISNO":{
        "p":1.0,
        "r":1.0,
        "f":1.0
      },
      "RTO":{
        "p":0.9420289855,
        "r":0.9558823529,
        "f":0.9489051095
      },
      "CUSTNAME":{
        "p":0.9891304348,
        "r":0.9891304348,
        "f":0.9891304348
      },
      "ADDRESS":{
        "p":0.9620253165,
        "r":0.9156626506,
        "f":0.9382716049
      },
      "PIN":{
        "p":0.95,
        "r":1.0,
        "f":0.9743589744
      },
      "STARTDATE":{
        "p":0.9743589744,
        "r":0.987012987,
        "f":0.9806451613
      },
      "EXPIRYDATE":{
        "p":0.987012987,
        "r":0.987012987,
        "f":0.987012987
      },
      "POLICYISSUEDATE":{
        "p":0.9565217391,
        "r":1.0,
        "f":0.9777777778
      },
      "POLICYNO":{
        "p":0.9882352941,
        "r":0.9882352941,
        "f":0.9882352941
      },
      "CC":{
        "p":1.0,
        "r":0.9285714286,
        "f":0.962962963
      },
      "DATEREGISTRATION":{
        "p":1.0,
        "r":1.0,
        "f":1.0
      },
      "CITY":{
        "p":0.9833333333,
        "r":0.9672131148,
        "f":0.9752066116
      },
      "STATE":{
        "p":0.9827586207,
        "r":0.9827586207,
        "f":0.9827586207
      },
      "MAKE":{
        "p":1.0,
        "r":0.8,
        "f":0.8888888889
      },
      "MODEL":{
        "p":1.0,
        "r":0.7777777778,
        "f":0.875
      },
      "VARIANT":{
        "p":1.0,
        "r":0.7142857143,
        "f":0.8333333333
      }
    },
    "tok2vec_loss":313.2053307114,
    "ner_loss":600.3895851357
  }
}