{
  "lang":"en",
  "name":"pipeline",
  "version":"0.0.0",
  "spacy_version":">=3.7.5,<3.8.0",
  "description":"",
  "author":"",
  "email":"",
  "url":"",
  "license":"",
  "spacy_git_version":"a6d0fc360",
  "vectors":{
    "width":0,
    "vectors":0,
    "keys":0,
    "name":null,
    "mode":"default"
  },
  "labels":{
    "tok2vec":[

    ],
    "ner":[
      "ADDRESS",
      "CC",
      "CHASISNO",
      "CITY",
      "CUSTNAME",
      "DATEREGISTRATION",
      "ENGINENO",
      "EXPIRYDATE",
      "MAKE",
      "MAKE MODEL VARIANT",
      "MODEL",
      "PIN",
      "POLICYISSUEDATE",
      "POLICYNO",
      "RTO",
      "STARTDATE",
      "STATE",
      "VARIANT",
      "VEHICLENO",
      "YEAROFMAN"
    ]
  },
  "pipeline":[
    "tok2vec",
    "ner"
  ],
  "components":[
    "tok2vec",
    "ner"
  ],
  "disabled":[

  ],
  "performance":{
    "ents_f":0.9830715888,
    "ents_p":0.9808709809,
    "ents_r":0.9852820932,
    "ents_per_type":{
      "CHASISNO":{
        "p":0.9754098361,
        "r":0.9834710744,
        "f":0.9794238683
      },
      "VEHICLENO":{
        "p":0.976,
        "r":1.0,
        "f":0.987854251
      },
      "CUSTNAME":{
        "p":0.9779005525,
        "r":0.9833333333,
        "f":0.9806094183
      },
      "POLICYNO":{
        "p":1.0,
        "r":1.0,
        "f":1.0
      },
      "STARTDATE":{
        "p":0.9946808511,
        "r":0.9946808511,
        "f":0.9946808511
      },
      "EXPIRYDATE":{
        "p":0.9946236559,
        "r":0.9946236559,
        "f":0.9946236559
      },
      "DATEREGISTRATION":{
        "p":0.9805825243,
        "r":1.0,
        "f":0.9901960784
      },
      "YEAROFMAN":{
        "p":0.976744186,
        "r":0.9882352941,
        "f":0.9824561404
      },
      "MAKE MODEL VARIANT":{
        "p":0.9850746269,
        "r":0.9705882353,
        "f":0.9777777778
      },
      "ENGINENO":{
        "p":0.9906542056,
        "r":0.9724770642,
        "f":0.9814814815
      },
      "CC":{
        "p":0.9230769231,
        "r":0.972972973,
        "f":0.9473684211
      },
      "RTO":{
        "p":0.9833333333,
        "r":0.9593495935,
        "f":0.9711934156
      },
      "ADDRESS":{
        "p":0.9771428571,
        "r":0.9771428571,
        "f":0.9771428571
      },
      "CITY":{
        "p":0.9893617021,
        "r":0.9893617021,
        "f":0.9893617021
      },
      "PIN":{
        "p":0.9842519685,
        "r":1.0,
        "f":0.9920634921
      },
      "STATE":{
        "p":0.9874213836,
        "r":0.9936708861,
        "f":0.9905362776
      },
      "MAKE":{
        "p":0.9846153846,
        "r":1.0,
        "f":0.992248062
      },
      "MODEL":{
        "p":0.9333333333,
        "r":0.9459459459,
        "f":0.9395973154
      },
      "POLICYISSUEDATE":{
        "p":0.9714285714,
        "r":0.9714285714,
        "f":0.9714285714
      },
      "VARIANT":{
        "p":0.935483871,
        "r":0.935483871,
        "f":0.935483871
      }
    },
    "tok2vec_loss":4786.0851394987,
    "ner_loss":985.5674322687
  }
}